from_genius_id,to_genius_id,type
7982829,1965303,samples
3956035,924270,samples
6345119,6922396,samples
7780518,8612417,samples
7371142,3317482,interpolates
8464695,1810153,interpolates
6838492,133137,interpolates
4589199,1834090,samples
7712660,927994,samples
7712660,1392997,interpolates
7450003,49919,samples
7450003,5901154,interpolates
7450003,7308841,interpolates
7450003,5901153,interpolates
7450003,5901155,interpolates
7450003,5840174,interpolates
7450003,5890515,interpolates
7450003,5567975,interpolates
7450003,5886204,interpolates
7450003,5678479,interpolates
6065451,6115750,interpolates
7076040,4396350,interpolates
7158720,2093060,samples
7641652,1115584,interpolates
8638649,707749,interpolates
7847535,7132804,interpolates
51012,7586449,interpolates
6380777,2219070,samples
8247964,8348343,samples
7485595,8145890,samples
7727661,371910,interpolates
8198566,590722,samples
8501449,371532,samples
7989684,116246,samples
7989684,11268141,samples
8663435,45429,samples
3057010,3038088,interpolates
8634150,983992,interpolates
8404857,85859,samples
8687594,210627,samples
8385134,116531,interpolates
7643953,85221,interpolates
8179333,8704479,samples
8599606,1122521,samples
6433459,6922407,samples
8357473,5199386,interpolates
6009939,316460,samples
7137816,8304356,samples
7968180,52968,interpolates
8161982,685385,samples
5983087,10978827,samples
5983087,6897250,interpolates
8642225,731783,interpolates
2353006,2468566,samples
3844246,2894650,interpolates
8681858,6192325,interpolates
8681858,7639111,interpolates
8681919,326768,samples
8693055,116329,interpolates
8595972,1685209,samples
4137367,102751,samples
8521277,8037591,interpolates
8742220,8227210,interpolates
8173026,9970580,samples
8693053,26923,samples
8693053,1497357,samples
8693053,1444994,interpolates
8693042,8722549,samples
8681921,8847464,samples
8735938,5397,samples
8400037,7494813,samples
8535478,5487669,samples
5199814,410195,samples
8403290,3498916,interpolates
8706129,3632242,interpolates
8427758,24543,interpolates
3622005,374662,interpolates
8324985,2827923,interpolates
8706126,6134127,interpolates
7791706,6012716,samples
7791706,7371142,interpolates
7967836,66259,samples
8126212,126800,interpolates
8197079,2178559,samples
8197079,667,interpolates
8214933,2411207,samples
5161828,3827533,interpolates
7317735,8740085,interpolates
6386251,11262934,samples
6740711,4168754,interpolates
8733311,980437,samples
8733311,5931,interpolates
8651312,6072490,interpolates
8504865,57296,interpolates
8504865,6553138,interpolates
8806118,352608,interpolates
8400049,1005020,samples
6728094,98603,samples
8781485,703741,interpolates
8781485,4087710,interpolates
8798813,641385,interpolates
8798813,7499070,interpolates
8296152,2836149,interpolates
8110202,1101793,interpolates
8488557,3994241,interpolates
8253434,3539284,samples
8467802,2843978,interpolates
7306981,3439432,samples
8412628,724055,samples
8412628,1979041,interpolates
8820218,2981206,interpolates
8464266,4906284,samples
8705220,7010507,interpolates
1629,6475781,samples
1629,6928198,interpolates
1629,11315204,interpolates
8475909,243002,interpolates
8696611,2545,samples
8696611,7634745,interpolates
8696611,7942248,interpolates
4212064,8748152,samples
7771479,180442,samples
8814263,776750,samples
8821223,464169,samples
8832857,32426,interpolates
8829528,3788041,interpolates
8829528,4591643,interpolates
8847169,2895048,interpolates
8122053,3290349,samples
8122053,982873,samples
8855532,129806,samples
8855532,1360,interpolates
8692081,71518,samples
8640631,4075077,samples
8872561,8918215,samples
8662386,7176441,samples
8662386,3052233,samples
8852154,732801,samples
8490754,1782059,interpolates
8490754,3897728,interpolates
8689815,122542,interpolates
8689815,152579,interpolates
8689815,220982,interpolates
8689815,5115671,interpolates
8832304,2450753,samples
8877289,1646868,samples
8693044,8724426,samples
8719684,3584563,interpolates
8294618,1496011,samples
7216630,7755489,interpolates
8778667,6591973,interpolates
8779340,7971544,samples
8779340,8616822,samples
8643672,202,interpolates
8404859,600644,samples
3614926,1121892,samples
8815473,1216607,interpolates
8815473,5217557,interpolates
8830867,2818003,samples
8720798,5655692,interpolates
8363765,1960617,interpolates
7980594,8742360,interpolates
8856881,2292971,interpolates
8723233,3348293,interpolates
8921051,90478,interpolates
8921051,39273,interpolates
8921051,1798,interpolates
8921051,2430486,interpolates
8364047,239378,samples
8806121,1797,samples
4437567,3095180,samples
8650679,2173904,interpolates
8497347,109486,samples
8497347,1899926,interpolates
8096732,150074,samples
8902648,1090301,interpolates
8555109,495107,samples
8519659,3033836,samples
8519683,55716,interpolates
8301957,308,samples
8301957,5988390,interpolates
8524075,9555107,samples
8524075,5319977,interpolates
8524075,2280469,interpolates
8524075,4373,interpolates
8524075,3040497,interpolates
8524075,8110900,interpolates
8524075,7539065,interpolates
8524075,28602,interpolates
8524075,39389,interpolates
8524075,156640,interpolates
8915216,4061276,samples
8946746,291465,interpolates
8946746,6437937,interpolates
8946746,90478,interpolates
8938905,2912,interpolates
8054917,453718,samples
8054917,155859,interpolates
6713449,5301990,interpolates
6713449,8098351,interpolates
8965355,4159134,samples
8965355,23066,samples
8965355,1398,samples
8965355,5103,samples
8965355,4152,samples
8965355,31311,samples
8965355,26361,samples
8965355,21392,samples
8965355,78107,samples
8965355,704,samples
8965355,79,samples
8965355,3650,samples
8965355,8560003,samples
8945880,371532,interpolates
8213274,2826117,interpolates
2911564,3902358,interpolates
8764192,8718975,samples
8915161,3149739,samples
8915161,2017546,samples
7727481,1506719,interpolates
7727481,1489376,interpolates
8431246,100856,interpolates
2317799,425942,samples
5705872,137283,interpolates
8520705,8633584,samples
8520705,8767351,interpolates
6621035,51128,samples
6621035,1639855,interpolates
6621035,5864968,interpolates
6621035,56902,interpolates
6621035,1844,interpolates
8779345,737615,interpolates
8779345,2901106,interpolates
8674326,5644,interpolates
9015956,132134,interpolates
100856,7092191,samples
8487076,1302795,samples
5197825,168,samples
8570230,2836141,interpolates
8843898,1412050,samples
8843898,9084011,interpolates
8843898,9525502,interpolates
564,8039056,samples
9061848,4627795,samples
9061848,8158076,samples
9061848,2452,samples
9030092,3708860,samples
8845907,4779329,interpolates
6998244,1763359,samples
8956442,6576,samples
8956442,20648,samples
8956442,5067,samples
8956442,21319,samples
8956442,7905,samples
8956442,3088,samples
9041822,4075,samples
4232172,6206600,samples
7791097,6697736,interpolates
5309796,968226,samples
5309796,3958023,interpolates
5309796,1842785,interpolates
8124910,387695,interpolates
8779346,5669,interpolates
9081194,8271095,interpolates
8956549,4159134,samples
8760939,21392,samples
8760939,78107,samples
8760939,704,samples
77825,1798,samples
77825,1213421,samples
8956538,23066,samples
8956538,1398,samples
8956538,5103,samples
8956538,4152,samples
8956538,31311,samples
8956538,26361,samples
8743103,6567355,interpolates
8192862,8957789,interpolates
8598927,1353,samples
8598927,6784689,interpolates
8385416,9011152,samples
8955184,9217411,interpolates
9057600,10407441,samples
8595389,1184564,samples
8599539,135402,samples
1930029,235162,samples
7934569,2911564,interpolates
7934569,4282757,interpolates
7585022,2953771,interpolates
9006073,51326,interpolates
9045006,590,samples
9045006,1798,samples
9045006,81159,samples
9045006,2845980,samples
8804671,529,interpolates
9080217,155,samples
4179007,221487,interpolates
4179007,1406,interpolates
4179007,1724724,interpolates
9058441,227193,interpolates
7971522,6447980,interpolates
9109066,2421777,samples
8370456,239378,interpolates
9129506,273992,interpolates
9129506,5331548,interpolates
440,8039035,samples
440,55045,samples
440,2069,interpolates
8952768,5123,interpolates
98603,3243,interpolates
9153655,152350,samples
8991340,81345,samples
8991340,1596,samples
9030287,3180,samples
9030287,177239,samples
9153879,2270695,samples
8779350,8844071,samples
9109265,483006,interpolates
9081466,4640157,interpolates
4876732,521213,samples
7967060,1374578,samples
8983823,9092974,samples
8983823,2313231,interpolates
8232693,943371,samples
8529838,529,samples
8529838,3524480,samples
8529838,35653,interpolates
8529838,5037,interpolates
8529838,744,interpolates
3242364,2597650,interpolates
7980537,266756,samples
9130181,1478839,interpolates
8946033,113544,interpolates
8946040,8106141,interpolates
2840832,9875803,samples
9162050,3516000,samples
8718879,70874,interpolates
7771501,8236927,interpolates
8941649,1854908,interpolates
9153898,734153,interpolates
9185102,19811,samples
9168106,11248464,samples
9203250,2263723,interpolates
9203250,3580132,interpolates
9203250,3723048,interpolates
9203250,2464123,interpolates
8956162,19348,interpolates
8583612,1398,samples
8583612,35844,samples
8583612,79,samples
8583612,3650,samples
8583612,2361,samples
8583612,78107,samples
8583612,1447,interpolates
9231905,1520683,samples
8535472,7464551,samples
8535472,3317482,interpolates
8535472,4175,interpolates
8817743,8782564,interpolates
8219830,428052,samples
8219830,85567,samples
8219830,861093,interpolates
8886879,6224,interpolates
7873070,2177834,interpolates
9152241,49781,samples
9152241,46543,samples
9152241,728651,interpolates
9152241,4535557,interpolates
9152241,9764112,interpolates
8956163,384845,samples
8956163,780,samples
8956163,45684,samples
8956163,340,interpolates
8956163,3627,interpolates
8956160,633712,samples
9207799,51779,samples
9209114,3046517,interpolates
9260170,5528,interpolates
8871682,7216630,interpolates
8791913,8267350,interpolates
9194384,7437163,interpolates
9111234,150060,interpolates
9251882,992345,interpolates
9289682,723327,samples
7970911,8673433,interpolates
7970911,8910910,interpolates
7970911,9738692,interpolates
9257313,5718,samples
9257313,498,samples
9257313,744,samples
9257313,988,samples
9257313,238,samples
9257313,509,samples
9257313,9885057,samples
9255877,8415871,interpolates
9255877,1390230,interpolates
8956173,9143,interpolates
9255882,2485202,interpolates
9255882,5977,interpolates
8946039,1755326,samples
8469497,7167114,interpolates
9081322,206194,interpolates
8200803,6311197,samples
8200803,7202507,samples
9125797,191320,samples
9188382,1821140,interpolates
9237320,4589199,samples
8618975,10501616,interpolates
9244062,8352500,interpolates
3993850,4556786,interpolates
9028295,2059,samples
9258846,7631645,interpolates
9258846,9096240,interpolates
9258846,120723,interpolates
9258846,8956162,interpolates
9258846,143155,interpolates
9258846,8175723,interpolates
9258846,3327237,interpolates
9258846,6943346,interpolates
9278274,4578872,samples
9278274,2855464,samples
9219099,669,interpolates
8494420,3209316,samples
8494420,2325505,interpolates
8936455,320907,samples
8936455,2132594,samples
8936455,515195,samples
8936455,2331348,samples
8936455,6492688,samples
8936455,2913487,samples
8956165,476552,samples
8956165,158635,samples
8956165,188401,samples
9285676,57225,interpolates
9285676,11227069,interpolates
9176543,3257316,interpolates
8701915,118904,interpolates
7967937,7972831,samples
9306732,2411062,interpolates
9191117,1155457,interpolates
9255881,1629,interpolates
6490368,9286144,interpolates
6490368,2441478,interpolates
9176549,329470,samples
9173262,6568510,samples
9173262,8127535,samples
9188387,3266237,samples
8902635,4611729,interpolates
7967960,7124700,samples
7614295,3570255,samples
9277721,9095625,interpolates
91785,805073,samples
9324010,1844758,interpolates
8293941,11268,interpolates
9301451,476934,samples
7325335,2304073,samples
9084946,9994333,samples
9254024,2340317,interpolates
5154782,2245773,interpolates
8693051,33071,interpolates
9346110,4862771,interpolates
9346063,2179425,samples
9138823,30280,samples
9339189,110040,samples
9354764,17110,samples
9354764,3797175,samples
9354764,9104119,interpolates
9354764,10002543,interpolates
6503347,2467891,samples
6503347,6693195,samples
6503347,9368885,interpolates
9368451,3801824,samples
9368451,9370596,samples
9368451,622818,samples
9368451,9395762,samples
9368451,3808445,interpolates
9368451,139286,interpolates
9368501,747436,samples
9368501,1000369,interpolates
9344253,1250046,samples
9344253,116531,interpolates
9344253,2968864,interpolates
9362817,2016131,interpolates
9320305,373154,samples
9260202,3844,samples
9260202,28086,samples
9260202,8558961,samples
9368448,152933,interpolates
9279968,2257921,interpolates
9368463,2889937,samples
9368463,146928,samples
9368463,3893090,interpolates
9368463,48367,interpolates
9368463,522948,interpolates
9368463,3429382,interpolates
8918742,8693522,interpolates
8068179,523384,interpolates
9255876,8220614,interpolates
9388747,121287,samples
8465484,9368607,interpolates
8465484,3405,interpolates
9354510,9369010,samples
9354510,6021673,samples
5780833,9408880,samples
5780833,8273583,interpolates
9368453,10905072,samples
9368453,5666,interpolates
9368453,167267,interpolates
9368453,92853,interpolates
9368453,152626,interpolates
9160899,836000,interpolates
2911557,345021,interpolates
9388859,849,samples
9388859,2196,interpolates
9388859,5412168,interpolates
9368445,67669,samples
9368445,1107777,samples
9368445,9370559,samples
9368445,71969,samples
9368445,10078917,interpolates
9368460,5428491,interpolates
8232275,889075,samples
8942776,282653,samples
9203706,158635,interpolates
9246653,9138047,interpolates
9424051,2439197,interpolates
8240927,7802828,interpolates
8987253,776113,interpolates
4499585,410195,interpolates
8431515,7051170,samples
8431515,7137816,interpolates
9433018,2430486,interpolates
9357313,5835,samples
8804650,1463574,interpolates
9237778,1794525,interpolates
9368446,9380488,interpolates
8601684,5053007,samples
8601684,3088164,samples
9446620,4332924,interpolates
9445909,2301059,samples
9445909,6755160,interpolates
21248,3147102,samples
9085470,1412050,samples
9438802,203940,interpolates
9305136,523384,samples
9151365,204507,samples
8317147,2204,samples
6866266,10096811,samples
7916903,6939300,interpolates
9046027,1463185,samples
9386661,6977076,interpolates
9386661,4739293,interpolates
8197996,19348,samples
8197996,11214414,interpolates
8706227,3604175,interpolates
4595372,1625628,interpolates
4595372,3399990,interpolates
9200451,1383,interpolates
9228106,109096,interpolates
8471915,4084377,interpolates
9368456,6326181,samples
9368456,5780855,interpolates
9368456,8324318,interpolates
9368456,50895,interpolates
9368456,559442,interpolates
9379104,169421,interpolates
9474040,7773521,interpolates
9160861,1362779,samples
9160861,374662,interpolates
64761,152694,samples
87337,3063577,samples
9500112,62493,samples
8463823,7214551,interpolates
9490250,732617,interpolates
9368450,7272582,samples
9368450,500858,interpolates
9478999,975275,samples
8879877,880,samples
7032576,57225,interpolates
3452993,4999,samples
8504327,573890,samples
9168862,574916,interpolates
9438056,9683168,interpolates
9028858,185439,samples
8250397,1465572,interpolates
9468156,486265,interpolates
9468156,9388645,interpolates
9511716,32608,interpolates
9519499,83863,interpolates
9519499,199980,interpolates
8931329,233,samples
9503017,3844682,interpolates
9347157,344934,interpolates
9347157,1113,interpolates
9386675,2391119,samples
9386675,14266,interpolates
9521954,655,interpolates
9521954,4348897,interpolates
9521954,5865445,interpolates
9543384,57566,samples
8469517,7130972,interpolates
9426205,9435642,samples
9517911,314,samples
9231526,1650,samples
9567799,8808711,samples
6590396,9242101,interpolates
9436163,9307889,interpolates
9141060,691321,samples
9141060,9168552,interpolates
9439936,9424111,interpolates
7735771,7733,interpolates
9386672,6984565,interpolates
9386672,5225,interpolates
9592342,104426,samples
9592342,104423,samples
9121594,2229746,samples
9121594,2429153,samples
9592352,9594476,samples
9592352,1221794,samples
9592352,8726658,samples
9592352,4385,samples
9592352,2173751,samples
9592352,10289200,interpolates
9592328,9627880,interpolates
9592328,8524070,interpolates
9592354,895415,interpolates
9592354,7945040,interpolates
9592354,3807759,interpolates
9592351,9604596,samples
9592360,73573,samples
9592360,3916993,interpolates
9592360,9592364,interpolates
9592360,7451924,interpolates
9592360,10019202,interpolates
9589444,9611911,samples
9589444,9412046,interpolates
9589444,368,interpolates
9589444,3751648,interpolates
9589444,3824736,interpolates
9589444,7165548,interpolates
9589444,4864687,interpolates
9589444,2890553,interpolates
9589444,218330,interpolates
9160891,133137,samples
9160891,8932297,interpolates
9592336,8524051,interpolates
9592377,4815,samples
9592377,3807759,interpolates
9592377,235765,interpolates
7488538,2545,samples
9443983,8814250,interpolates
9472442,3341736,interpolates
9459783,8932291,interpolates
9459783,8937214,interpolates
9588022,5947,samples
9588022,1221460,samples
9588022,9589020,samples
9593544,170534,interpolates
9593544,515319,interpolates
9505685,3464808,samples
9324029,20364,samples
9324029,197756,samples
9346248,9202317,interpolates
9274968,9643521,interpolates
9247589,420298,interpolates
9247589,556421,interpolates
9614125,440,samples
9325278,5027214,interpolates
7471808,7129752,samples
9662570,10808921,samples
8144483,1198,samples
9304170,1050623,interpolates
9279971,1109956,interpolates
9614083,1263292,interpolates
9614092,189590,samples
9614092,7760295,interpolates
9134636,116531,interpolates
9563126,9357430,interpolates
7457673,523348,samples
7457673,2836161,interpolates
7457673,9653007,interpolates
6688265,551092,interpolates
9326358,9283569,interpolates
9616137,615,samples
9616137,97581,samples
9616137,102763,samples
9640949,647002,samples
9559569,4862771,interpolates
9614064,8881606,interpolates
9614069,4178982,interpolates
9614068,1511968,samples
9614068,6850483,interpolates
4709155,955311,samples
9388312,64764,samples
9666483,107908,samples
9666483,106572,samples
9666483,1577,samples
6724774,162955,interpolates
6724774,1355,interpolates
6724774,892805,interpolates
9637946,1640738,interpolates
9262653,8705576,samples
9538340,2250310,samples
8125194,55882,samples
9629725,9695404,samples
9699307,4254094,samples
9110676,1443588,samples
9614081,5732274,interpolates
9436255,2443,samples
9662517,4075,samples
9664481,9348951,samples
9664481,9468156,interpolates
9664481,3820536,interpolates
9664481,273992,interpolates
9664481,4420463,interpolates
9477858,971702,interpolates
9643108,4046,samples
8050047,4406510,samples
9520134,6016031,interpolates
9686246,3629048,interpolates
9720821,7303303,interpolates
9629686,1517,samples
7399236,971702,samples
9210435,368567,samples
8895650,1818291,interpolates
9666114,49069,interpolates
9666114,38125,interpolates
9286941,414206,samples
9405305,428,samples
9692463,7967767,samples
8996826,349092,samples
8996826,6703177,interpolates
9592357,9594487,samples
9592357,2386802,interpolates
9592357,17442,interpolates
9592357,6808745,interpolates
9592357,67272,interpolates
9592357,8271095,interpolates
9592357,8110884,interpolates
9557336,1786170,interpolates
9629688,1461637,samples
8931285,82208,samples
9614098,8598733,interpolates
9761805,8454974,samples
9250802,80416,interpolates
9559244,91171,interpolates
9681939,1198,samples
9681939,7010510,interpolates
9788218,1169265,samples
9788218,452,interpolates
9762448,5965691,samples
9762326,9772250,samples
7284373,7047261,interpolates
623112,1860079,interpolates
9784311,922,interpolates
9788142,54845,samples
9721216,481702,samples
9777521,395227,samples
9629690,1132,interpolates
9756421,7607471,samples
9756421,8271853,interpolates
9614630,210627,samples
9810443,712094,interpolates
9715704,4123112,samples
8394175,8085325,interpolates
9567603,1412050,samples
9567603,2917386,interpolates
9567603,5123075,interpolates
4611276,2922345,interpolates
9827691,1689375,samples
9765886,5648502,samples
9765886,45394,samples
9837359,7497288,interpolates
9837364,4664135,samples
9837377,6155854,interpolates
9837370,45341,samples
9837370,111004,samples
9837371,7306981,interpolates
9837366,23931,samples
9837379,3969800,interpolates
9279970,844568,samples
7533793,10206080,samples
7533793,6190117,samples
7533793,6889602,samples
233,444352,interpolates
233,42951,interpolates
233,2951,interpolates
7817111,2204,samples
9255477,8173139,samples
9255477,52863,interpolates
9255477,8714746,interpolates
8416396,774585,interpolates
9838252,510381,interpolates
9775156,9623712,samples
9837354,81235,samples
89794,6634556,interpolates
8890591,151378,interpolates
9344810,6038154,samples
9841765,4034877,interpolates
9833900,1796041,interpolates
8932291,51831,interpolates
8932291,8270928,interpolates
8932291,6639049,interpolates
8932291,99094,interpolates
8932291,140967,interpolates
8932291,10807308,interpolates
9812048,1980355,samples
206238,1673415,samples
206238,1965327,samples
8598733,1733000,interpolates
9614082,7982049,samples
9614082,924682,samples
9614082,7620372,samples
9650654,1822198,interpolates
536423,1989107,samples
8779342,119576,samples
9695930,912178,samples
9922972,1245056,samples
9903648,1684,interpolates
9934485,9940971,interpolates
9816398,67105,samples
9902233,5385815,samples
6521647,4364417,interpolates
1419027,164798,interpolates
9953704,35293,samples
9953704,423195,interpolates
3442412,100285,interpolates
9952034,35301,samples
9785375,6870731,interpolates
9953702,10179799,interpolates
9909027,88246,samples
9909027,342526,samples
9667310,4043555,interpolates
8601718,8694308,interpolates
8601718,3844,interpolates
5180439,3863336,samples
5180439,9023,interpolates
5180439,3947272,interpolates
5180439,4519154,interpolates
5180439,235729,interpolates
9834148,481734,samples
9477856,9512030,samples
9950116,503608,samples
9614105,1334718,samples
9614105,7421832,samples
9934497,1381246,samples
9934497,87596,samples
9333277,199794,interpolates
9918041,1019099,interpolates
9979322,698,samples
8701253,4608887,samples
8601823,1942973,samples
8601823,32426,samples
8601823,927,samples
8601823,7834096,interpolates
8601823,7554546,interpolates
9566300,986484,interpolates
9902223,9933762,samples
9902229,9910414,samples
9902229,2108515,interpolates
9236197,1115584,samples
8852674,2280344,samples
122542,1548,samples
6702662,1342773,samples
9909032,2176895,interpolates
9909032,4484286,interpolates
9940251,9839508,interpolates
9610573,5175146,samples
9982395,56783,interpolates
7451924,4476141,samples
7451924,7154576,interpolates
7451924,9640825,interpolates
9852790,8897526,samples
1968851,77603,samples
9645178,1180599,samples
9834048,8022251,samples
9834048,8818386,samples
4777439,4146972,interpolates
4777439,962525,interpolates
724006,1995567,samples
10078118,1069967,samples
10078118,10099294,interpolates
10044779,8870045,samples
10044779,11138350,interpolates
10044779,10657884,interpolates
10099184,11720,samples
9760740,45351,samples
9760740,70202,samples
9760740,10395061,interpolates
10033357,1041960,interpolates
10305956,1955966,samples
10305956,9819804,interpolates
10033395,7420714,interpolates
9902217,2465319,samples
9902217,2797523,samples
9902218,1721481,samples
4814021,2182822,interpolates
9683662,8625396,interpolates
9885015,6112,samples
9885015,11205551,samples
9885015,9839137,interpolates
9885015,10737498,interpolates
10997717,4490639,samples
10997717,2832953,samples
10997717,4601207,samples
10997717,2425227,interpolates
10997717,9995393,interpolates
10997717,10598206,interpolates
9637685,9641519,interpolates
10082725,10599275,samples
9902224,2054573,samples
9902224,206238,interpolates
9588765,795987,samples
9588765,374489,samples
9588765,1407395,interpolates
9440806,7645707,samples
4694697,4759464,interpolates
4694697,1542695,interpolates
10039844,118314,interpolates
9405327,6243599,samples
9405327,4706840,samples
9405327,3756523,samples
9405327,6648411,samples
10059842,233,samples
10059842,102946,interpolates
2851948,103667,samples
2851948,3134211,interpolates
2851948,3039459,interpolates
2851948,2475074,interpolates
9968557,3189319,interpolates
7936400,42480,samples
9581842,384645,interpolates
9810442,10396372,samples
10114108,442151,interpolates
5272,787799,interpolates
105187,810072,samples
105187,10607694,samples
10109401,59372,interpolates
10087409,87337,samples
9888882,189590,interpolates
9913061,92464,interpolates
9139208,6534451,samples
5428491,954,samples
5428491,329028,samples
5428491,2999370,interpolates
5428491,3047132,interpolates
5428491,7148805,interpolates
5428491,725151,interpolates
8639182,158737,interpolates
9788013,8805872,samples
10130619,10599262,samples
10112701,144559,interpolates
10130505,2260666,samples
9990963,69358,interpolates
10022542,2286450,samples
9990966,254580,samples
10068514,52466,samples
10068514,81011,samples
9592330,9601262,samples
9592330,10775944,samples
9592330,66535,interpolates
9592330,441081,interpolates
9592330,4720076,interpolates
9592330,5111026,interpolates
9592330,9204399,interpolates
9592330,9368456,interpolates
2290794,5016533,interpolates
2290794,4628208,interpolates
32167,1628822,samples
9368442,7272582,interpolates
9368442,236889,interpolates
8934988,3420092,interpolates
10105323,1796041,interpolates
10149765,9920431,interpolates
10183832,476934,samples
10111538,615,samples
10111538,888609,interpolates
9872607,3046517,interpolates
9718207,7683192,samples
10071950,2853503,samples
10071950,9944774,interpolates
10071950,9944928,interpolates
10071950,10035944,interpolates
10129646,47908,samples
56642,8398162,interpolates
526,775350,samples
9836885,500342,interpolates
3460606,3288894,interpolates
9254531,58874,samples
9733659,6915124,samples
10106632,2204,samples
9614104,663581,samples
10128861,4115187,interpolates
2287872,88712,samples
7096046,390571,samples
7096046,390442,samples
7096046,390693,samples
7096046,1059,samples
9057767,211413,samples
9057767,9592357,interpolates
7960275,27421,samples
9354650,5281715,samples
10132073,3896922,samples
9783016,8540116,samples
10181364,1854936,samples
9933711,8463823,interpolates
10212094,2445888,samples
10212094,123266,interpolates
10211875,50468,interpolates
10094678,41829,interpolates
9103956,9396696,interpolates
9927654,307073,samples
10086259,73037,interpolates
10211135,9147213,interpolates
10190422,4999,samples
10190422,10599274,samples
10193939,10599257,samples
10190456,10599266,samples
10190457,10599267,samples
10190424,10599281,samples
10190408,10599268,samples
10190425,10599282,samples
9603637,8649177,interpolates
10212156,6282,interpolates
10212156,10324186,interpolates
7926443,1534,samples
9574710,1867,samples
7967959,2081328,samples
7967959,7125261,interpolates
9614090,559442,samples
9149479,159257,samples
8145919,2121050,interpolates
10216865,1515,samples
10216865,35844,samples
10216865,35446,samples
10216865,606,samples
10216865,4490639,samples
10216865,1703,samples
10124306,286912,samples
10124306,357870,interpolates
9863804,9863797,samples
10282422,439897,samples
9662864,6512660,samples
9934491,10333852,samples
9934491,4155494,interpolates
9969213,735456,interpolates
9236573,572,samples
8969996,796812,interpolates
10191318,293,samples
10191318,59476,interpolates
10191318,9839508,interpolates
10191318,3348282,interpolates
10191318,6303410,interpolates
2836161,2401646,interpolates
10163788,1480065,interpolates
9834149,9478421,samples
9902230,306987,samples
10098651,850893,interpolates
10284972,3343959,interpolates
9105621,7802828,interpolates
8934696,1728378,interpolates
6030243,6653744,samples
6030243,1969234,samples
6030243,3262675,interpolates
10025849,5973929,interpolates
10193532,3138854,interpolates
10193532,73573,interpolates
10220448,4055677,samples
10296695,6260160,samples
10296681,4782863,samples
10198994,9057767,interpolates
10236068,579100,samples
3941090,941467,samples
10190438,10599264,samples
10190367,10599278,samples
10152946,857360,samples
6123667,1932032,interpolates
9630112,3613688,interpolates
73757,34780,samples
10298545,3645848,interpolates
10317261,362213,interpolates
9849050,716018,samples
9710606,452,interpolates
10190409,10599272,samples
10201625,4624090,samples
10201625,4534241,interpolates
9496892,5660654,interpolates
8255797,6241011,interpolates
10356318,8292362,samples
10356318,9004512,samples
10356318,10277795,interpolates
10356318,90475,interpolates
10356318,9592330,interpolates
10356318,10270965,interpolates
10356318,10278955,interpolates
10356318,10271131,interpolates
10356318,701372,interpolates
10356318,10125497,interpolates
10356318,3047147,interpolates
10356318,10356382,interpolates
10277795,156,samples
10277795,2408611,interpolates
10277795,10125497,interpolates
10277795,10245204,interpolates
10277795,6310,interpolates
10277795,7995412,interpolates
10277795,33313,interpolates
10059071,4555245,interpolates
10356410,10615053,samples
10356410,10482108,samples
10356410,3751648,interpolates
10356410,10301035,interpolates
10356410,7995415,interpolates
10356410,3047132,interpolates
10356410,10277795,interpolates
10356410,10125497,interpolates
10356410,10353079,interpolates
10356410,772,interpolates
10356410,3840,interpolates
9656665,2213004,interpolates
9902219,260535,samples
7771503,28580,samples
10199103,3116678,samples
10190291,9998,samples
10190291,1407395,interpolates
2450584,2450753,samples
2450584,801335,interpolates
2450584,107606,interpolates
2450584,2186616,interpolates
2450584,2263723,interpolates
2450584,2398213,interpolates
10341021,1408971,samples
10341021,20233,samples
10341021,3032843,interpolates
10341021,1083,interpolates
10341021,10301035,interpolates
10341021,10125497,interpolates
10341021,75177,interpolates
10341021,10278955,interpolates
10341021,5322709,interpolates
10341021,66747,interpolates
10341021,217266,interpolates
10341021,7539065,interpolates
10341021,3033628,interpolates
10341021,3433244,interpolates
10366697,9478421,samples
10366697,243,interpolates
10024563,10408663,interpolates
9792917,1439763,interpolates
10131142,4646101,samples
10317156,9424276,samples
10281978,1689455,samples
10407740,5189,samples
9334281,1430959,samples
9550353,960025,samples
10289861,2396987,interpolates
10258272,4589199,samples
10258272,1334718,samples
10258272,4175,samples
10258272,1861425,samples
10258272,99880,samples
10258272,6401760,samples
10387486,8248132,interpolates
9952945,1612,samples
10006668,82391,samples
10341539,162955,interpolates
10341539,3359190,interpolates
4423776,7756842,samples
4423776,820371,interpolates
10488492,1984881,interpolates
10401375,2179600,samples
10237511,369536,samples
8022257,244845,interpolates
10179080,116531,interpolates
10109093,2588,interpolates
10400901,10400902,interpolates
10400901,10274887,interpolates
10256759,6151884,interpolates
10256759,10257642,interpolates
10256759,10257605,interpolates
9856171,10265242,interpolates
9359811,9753872,samples
9706893,9718335,samples
9706893,58325,interpolates
10392986,922,samples
10357732,696164,samples
10190352,10599265,samples
10163799,8966509,samples
10461659,1327679,interpolates
10414049,3678939,interpolates
10334171,11379845,samples
10334171,412,samples
10334171,13786,interpolates
10296553,10296748,samples
10439488,2334821,samples
10125497,40388,samples
10125497,4015,samples
10125497,44719,samples
10125497,10192775,interpolates
10125497,5392917,interpolates
10125497,112,interpolates
10125497,18388,interpolates
7399248,4467639,samples
7399248,6225874,samples
4051007,471406,interpolates
4051007,3887979,interpolates
9445841,8902658,interpolates
9757348,1050623,interpolates
3795756,3986781,interpolates
10435928,4334,interpolates
10435927,6553140,interpolates
10440928,83412,interpolates
10499231,486243,interpolates
10423938,453,interpolates
10459741,409212,samples
10406704,2851844,interpolates
10013148,10109045,interpolates
9910425,1669718,samples
10035948,1981,samples
10035948,9900455,interpolates
10035948,9743497,interpolates
10035948,9840705,interpolates
10035948,9819807,interpolates
10035948,4007193,interpolates
10035948,2332450,interpolates
10035948,5212,interpolates
10035948,3203682,interpolates
10035948,6379381,interpolates
10347932,3059273,samples
10347932,2990388,samples
9996351,1798428,interpolates
9996351,1640743,interpolates
10267039,119576,interpolates
10435925,50441,interpolates
10257642,6524530,samples
10524878,361722,interpolates
10524878,51790,interpolates
10294950,2875413,samples
9909830,128054,interpolates
10106665,1422,samples
10511943,6283275,interpolates
10428337,118754,interpolates
10526347,1878842,samples
9715684,6396769,samples
9731651,1122562,samples
10478680,3307270,interpolates
10364969,10395017,interpolates
10219609,713957,samples
10488300,3206921,samples
10488300,3742219,samples
10488300,2804002,interpolates
10488300,352608,interpolates
10516865,97149,samples
9950703,906944,samples
9950703,8575131,samples
10510621,10072962,interpolates
10397700,8476004,samples
10434638,2398192,interpolates
10434638,9991217,interpolates
9946951,9440465,interpolates
9906842,1352,samples
10586100,4642529,samples
10586100,69626,interpolates
10586100,420028,interpolates
10541260,7295595,samples
6151884,3143454,interpolates
6151884,10408336,interpolates
6151884,10257626,interpolates
6151884,10257642,interpolates
6151884,10400902,interpolates
6151884,10257605,interpolates
6151884,10257627,interpolates
6151884,10274887,interpolates
6151884,10400901,interpolates
10584081,3018442,interpolates
10306326,98419,interpolates
8793644,8291517,interpolates
7170206,6380777,samples
7170206,2219070,samples
10465609,149385,samples
10465609,811,interpolates
10465609,1086,interpolates
10465609,531,interpolates
9808515,1198,samples
10554516,17,samples
1463574,10807300,interpolates
10406841,2355,interpolates
10624493,10986701,samples
10495745,1245056,samples
10495762,1589283,samples
10190362,10549289,samples
10190362,10599270,samples
10630184,11340384,interpolates
10630183,773,interpolates
10630183,1931,interpolates
10630183,235726,interpolates
10630183,3958196,interpolates
10630183,4129389,interpolates
10630183,3498,interpolates
10630186,1171,interpolates
10630186,1766362,interpolates
10630186,9702570,interpolates
10630186,10704290,interpolates
10637737,236565,interpolates
10630188,531,interpolates
10632090,353275,samples
10632090,97581,interpolates
10637599,71486,interpolates
10637599,61197,interpolates
10630182,9295573,samples
10630182,1373,interpolates
10630187,2032,interpolates
10630187,50437,interpolates
10692,6262650,samples
10692,784505,samples
10660832,1150199,samples
10660790,5900426,samples
10597359,1222,interpolates
10613149,421322,samples
10386048,88942,samples
10630178,5681698,samples
10020230,49719,interpolates
10020230,1335756,interpolates
235765,8361154,samples
235765,654086,samples
235765,807475,samples
235765,5342,samples
10689957,6590809,interpolates
10689965,9122979,samples
10660704,9638141,samples
10628664,191610,interpolates
10628664,10422867,interpolates
9899980,1828527,interpolates
10125269,707582,samples
1779103,490057,interpolates
10641872,4771,samples
9384546,415215,interpolates
3089187,2399227,interpolates
3089187,2841329,interpolates
10674610,4360300,interpolates
10638181,71486,interpolates
2849767,3110257,samples
2849767,90473,interpolates
2849767,51803,interpolates
64576,87577,interpolates
10711389,10712962,samples
7967957,1818547,interpolates
10348781,387695,samples
10047574,213387,samples
10047574,9086958,interpolates
10047574,10149575,interpolates
10047574,10163046,interpolates
10047574,10725377,interpolates
10047574,10737471,interpolates
10047574,11041044,interpolates
10047574,11021544,interpolates
10047574,11020654,interpolates
10683045,906567,interpolates
10659200,170448,interpolates
10708488,1132,samples
9368452,9030729,samples
9368452,6098084,samples
9368452,9375257,interpolates
10698100,9163514,samples
10394499,1084849,samples
10663669,35293,samples
10663669,91321,interpolates
10304510,6984822,interpolates
10516546,3139189,interpolates
9076455,440468,interpolates
9234622,3720673,interpolates
10187047,9873377,interpolates
10615921,8462603,interpolates
10019593,591792,interpolates
5546921,2413890,samples
6683640,916525,interpolates
10743644,1272067,interpolates
10743644,4347160,interpolates
10628663,5199386,interpolates
9725397,1798428,interpolates
9725397,1640743,interpolates
7844309,118904,samples
10252011,2171,interpolates
10762156,10741792,samples
10726596,10080016,interpolates
10378665,10623384,interpolates
10024512,3222022,samples
89440,6408453,interpolates
70085,5998544,interpolates
10360189,89466,samples
10432200,8520893,interpolates
10819947,2853010,samples
106380,63416,interpolates
10819976,2232529,interpolates
9088916,415843,interpolates
10819954,4237478,samples
9149138,529,samples
10027467,2410455,interpolates
10636490,3317482,interpolates
8728434,8595651,interpolates
8728434,8296605,interpolates
8728434,6616087,interpolates
4728927,1976513,samples
58273,2138,samples
10766960,8412628,interpolates
10766960,9215281,interpolates
10766960,9475161,interpolates
10766960,6651451,interpolates
10766960,8375666,interpolates
9012519,10674146,interpolates
10594093,10787832,interpolates
10594093,8518526,interpolates
7260084,9528611,samples
7260084,1111222,interpolates
8189207,4497172,interpolates
10455818,1976513,samples
10695,85447,samples
128053,1622582,samples
10403639,84422,interpolates
10315694,1223612,samples
8845819,5528,interpolates
76654,327470,samples
9298354,788942,samples
9298354,778103,interpolates
10715585,1861436,interpolates
10317991,2023617,samples
10784396,4331123,samples
10863041,1163734,interpolates
10163790,4999,samples
10163790,131455,interpolates
10819882,2338495,samples
10505314,57625,samples
10820674,1815271,interpolates
10802114,7725,samples
10024009,10734888,samples
10024009,3030273,interpolates
9904986,10192589,interpolates
10745643,342526,samples
10517098,793336,samples
10845098,9508019,samples
10845459,64338,interpolates
10128378,1027304,samples
10893791,645821,interpolates
9436372,5908733,samples
8988852,6303391,interpolates
10711533,1316,interpolates
8958775,523348,interpolates
118904,7853822,interpolates
118904,7853864,interpolates
83180,3828561,samples
2904574,6310,interpolates
2904574,3046565,interpolates
2904574,3112421,interpolates
10840496,1492407,interpolates
10743808,1847035,interpolates
10743808,4389710,interpolates
9945087,9627880,samples
10766561,5847469,interpolates
10844886,3988,samples
8298043,84976,samples
1429835,388417,interpolates
10190258,804493,samples
10824517,10830172,samples
10065412,357870,samples
10503573,3944550,samples
10503573,9896136,interpolates
10915227,8518526,interpolates
10713096,2253267,samples
10713096,133534,samples
10359264,10697502,samples
10359264,3315890,interpolates
10359264,10356318,interpolates
10359264,132722,interpolates
10359264,4123,interpolates
10963314,9896254,samples
9928684,2260666,samples
10045902,154911,interpolates
10181570,33569,samples
2368164,579968,samples
72377,8921660,interpolates
531,68,samples
4712978,10779167,interpolates
10963311,9815,samples
10875398,1929703,interpolates
10963335,4003979,samples
10879775,108832,samples
10994614,8022251,interpolates
10495387,2179515,interpolates
10994401,491185,interpolates
10940298,7103735,interpolates
10790401,8197996,interpolates
10656064,10423298,samples
10656064,5146410,interpolates
10760092,211824,samples
11197935,2892959,samples
10967617,602885,samples
85821,166891,samples
10459521,3227,interpolates
10963323,201791,samples
11001242,2438627,interpolates
10517075,49261,samples
11022366,748263,interpolates
11004056,783747,samples
10994758,5334801,interpolates
387695,1272067,interpolates
10133606,65569,samples
11029049,74024,samples
11029505,11009157,interpolates
10987529,90240,interpolates
11018328,9233964,samples
11018328,196884,interpolates
9779210,10575744,samples
9779210,326777,interpolates
10654155,9140477,interpolates
11022635,911573,interpolates
9085309,82902,interpolates
9825113,9627076,samples
10350726,1563583,samples
10984327,10647651,interpolates
5049949,8575131,samples
5049949,727466,interpolates
5049949,622976,interpolates
5049949,118904,interpolates
10759603,460183,interpolates
10998014,490045,interpolates
8639319,30280,samples
10631516,1824,interpolates
10631516,3316592,interpolates
10631516,10612720,interpolates
1316,1709279,interpolates
4580,3732737,interpolates
4580,388441,interpolates
90551,8575131,samples
1600311,9530222,samples
11016297,9363208,samples
9252407,3030320,interpolates
3035105,86887,samples
10946845,65966,interpolates
11017936,10994401,interpolates
10845458,35293,samples
7971542,11363932,samples
1640,16656,samples
1640,10324400,interpolates
4343705,3709290,interpolates
4343705,3220856,interpolates
10626464,54620,interpolates
10973957,320,samples
10973957,5718,samples
10973957,4402,samples
10973957,1683,samples
10973957,1517,samples
3627,5936,interpolates
11079947,2179304,samples
11077613,7050960,interpolates
11051265,1810153,samples
11081459,1823773,interpolates
11016312,5988294,interpolates
3039687,94730,samples
3146682,722263,interpolates
11104830,50766,interpolates
11104830,1629,interpolates
10858455,685385,samples
207,440,interpolates
11132805,706220,samples
11057775,119576,interpolates
10994592,1205816,interpolates
9613520,2827440,interpolates
8719683,5305010,interpolates
8814241,118064,samples
11077125,4930071,samples
11199948,10874184,interpolates
11199948,10919554,interpolates
11199948,5992642,interpolates
10998132,10494810,interpolates
11021652,6553157,samples
11021652,7111047,interpolates
11021652,2461510,interpolates
52836,3592764,interpolates
6962413,151359,interpolates
4360239,2851948,interpolates
11146173,5935,interpolates
11146179,6638,samples
10849229,3101675,samples
10849225,31980,samples
10849225,6041000,samples
11146178,490,interpolates
11146177,15243,interpolates
11146180,720687,samples
11146180,49293,interpolates
11146180,231,interpolates
3527950,2290594,interpolates
1352,81109,samples
1352,2929,interpolates
11146155,11148991,samples
9433946,254580,samples
9433946,9550354,interpolates
148,36428,samples
148,852,interpolates
3037193,57225,interpolates
9593262,559991,interpolates
4497172,5129836,interpolates
4497172,90770,interpolates
9393794,3343,samples
11132804,35051,interpolates
11100965,197756,samples
9108324,2896500,interpolates
9451167,1119933,interpolates
11162730,9733612,interpolates
11162730,265175,interpolates
11162730,5036347,interpolates
11112754,8166470,interpolates
11077220,72994,samples
10396473,971702,samples
11001545,2064124,interpolates
11001545,374662,interpolates
10612720,1060116,samples
10612720,9141389,interpolates
30290,56902,samples
10685409,78970,samples
10685409,2177834,interpolates
11156127,2205332,interpolates
8320820,2468566,samples
10843805,9984162,interpolates
11027223,5145927,samples
11140149,2367809,interpolates
11140161,414988,samples
11054000,79912,samples
11054000,881793,interpolates
11104299,714,interpolates
11194172,24438,samples
11194172,38109,samples
11045245,10741545,samples
3389874,11157491,interpolates
11187086,9058052,samples
10427521,4903935,samples
11070230,1780644,samples
10584106,4383036,samples
11160204,1963458,samples
9342248,10119300,interpolates
2686754,434050,interpolates
2686754,2308163,interpolates
11140606,6221303,samples
6797956,268843,interpolates
8263065,4924301,interpolates
11140160,60298,samples
10874241,10874250,interpolates
11140143,10435933,interpolates
11140143,6553157,interpolates
11010894,2091547,interpolates
11140152,3045792,interpolates
11023765,6243604,samples
11023765,133408,interpolates
3422526,9218269,samples
3422526,8044978,samples
3422526,2900891,interpolates
11153902,10543705,interpolates
11183306,4533406,interpolates
10294880,35293,samples
10830941,61962,interpolates
10672188,8819542,samples
10672188,4301,samples
10658164,49817,interpolates
8648666,92464,interpolates
9268740,3489244,samples
9268740,10438069,interpolates
3359190,162955,samples
3359190,232948,interpolates
10893237,3604764,samples
1797,349933,interpolates
9742524,83412,samples
9742524,112543,interpolates
11184119,654247,interpolates
3906162,4056541,interpolates
3906162,5678994,interpolates
3906162,3419934,interpolates
11146175,1313935,samples
11146175,1113,interpolates
5139,1960995,interpolates
5139,338935,interpolates
811,148008,interpolates
811,118576,interpolates
11146168,11148281,samples
11146168,11153221,samples
11146168,10359264,interpolates
11146168,263,interpolates
11146168,38571,interpolates
11223471,3147102,samples
11223629,1562043,samples
11223417,3827533,samples
10874740,3086502,interpolates
10967769,2478697,samples
11223547,2262635,samples
10549840,4999,samples
11223564,3067008,samples
11223678,1559677,samples
11223533,6517018,samples
11223495,11255684,samples
8640852,10008566,samples
11219104,272729,interpolates
9130084,601770,samples
11003276,108559,interpolates
11023032,66696,interpolates
10894123,2452880,samples
10894123,519413,samples
10894123,2944325,interpolates
10894123,7731,interpolates
10894123,2398192,interpolates
10894123,535575,interpolates
10894123,3176672,interpolates
10894123,8631239,interpolates
10894123,11328621,interpolates
11242420,573890,samples
10057729,33027,samples
11038894,116531,samples
11187504,11010894,interpolates
11016296,8270026,interpolates
11044169,1970107,interpolates
10238427,11424929,interpolates
828799,11424929,interpolates
11140607,3729524,interpolates
2993826,10426438,samples
2993826,199794,samples
10178963,7491014,samples
11157744,1396619,samples
8173139,8264237,interpolates
10651442,10352634,interpolates
10651440,1226102,interpolates
10206971,5279874,samples
10025580,4786140,samples
10661412,3581536,interpolates
10661412,4639770,interpolates
10965257,217981,samples
8564658,6638526,interpolates
57234,2256287,samples
4343709,7733,interpolates
11104306,10286972,samples
10045443,75904,samples
10330881,7652436,interpolates
49192,2215112,interpolates
9736616,1548462,samples
10200463,155859,interpolates
10090037,1729541,samples
10090037,69491,interpolates
193856,8757400,interpolates
193856,8626908,interpolates
280289,1045679,samples
1205003,4214453,samples
11054549,97769,interpolates
11227513,660021,samples
11227513,8583612,samples
11227513,7010519,samples
11227513,6492688,samples
10857594,61967,interpolates
10857594,2307999,interpolates
10857594,10922873,interpolates
10857594,10972576,interpolates
10257626,6878432,samples
10257626,86887,samples
10807089,2286450,samples
10807069,11228794,samples
10807069,233,samples
204235,1852037,interpolates
10616947,51779,samples
49719,6610804,interpolates
11083432,1439197,interpolates
11232415,1240631,samples
9494603,748061,samples
9368459,9368948,interpolates
3258369,61968,interpolates
11129272,832385,samples
10987232,3250,samples
10987232,3627,interpolates
10987232,88398,interpolates
10087473,33167,samples
11142173,677353,samples
9455519,452,interpolates
8553686,8634216,samples
8553686,5322709,interpolates
8524059,71255,samples
8614500,8665024,samples
8614500,5102752,interpolates
8614500,5102722,interpolates
8218476,861352,interpolates
7958936,719853,samples
7105950,1449,interpolates
7033870,1298572,samples
7857574,32326,samples
7857574,156120,samples
4276091,2003090,interpolates
7078127,164798,samples
7078127,9422111,interpolates
4513187,4579360,samples
8601700,4075077,samples
8601700,2290806,samples
8601700,703654,samples
1850,1190578,samples
8248132,6988612,samples
8558961,3844,samples
8721997,8425621,interpolates
7341862,7411519,samples
8617768,7202154,samples
8617768,77722,interpolates
8402481,8191524,interpolates
8402481,8271095,interpolates
8616825,818231,interpolates
8616825,4786494,interpolates
5957632,10714080,samples
5837391,78706,samples
8528349,8513887,interpolates
7686379,3422526,samples
387414,78980,interpolates
8718522,2204,samples
8598928,2999370,interpolates
8598928,6017394,interpolates
8598928,2820857,interpolates
8524072,8764624,samples
8524072,6900637,interpolates
4939584,3069158,interpolates
4939584,4635660,interpolates
505338,3214427,interpolates
8424799,4013978,samples
8763573,146443,samples
8763573,72118,samples
8763573,8344739,interpolates
8763573,65489,interpolates
8763573,65315,interpolates
8763574,5175450,samples
8763574,6137952,samples
8763574,5427,interpolates
8763574,6372028,interpolates
5457554,4708314,interpolates
8616822,566536,interpolates
8763575,8344739,samples
8763575,1873008,interpolates
8763575,8668804,interpolates
8763510,1689244,samples
8763510,8105406,samples
8763510,370508,samples
8763510,386138,samples
8763510,5353419,interpolates
8763510,4544031,interpolates
8763512,7554838,samples
8719887,2478697,samples
6131378,7782430,interpolates
6131378,6551265,interpolates
6131378,607314,interpolates
8744751,8476485,interpolates
6318321,5928961,samples
6318321,79516,interpolates
5101082,4105180,interpolates
7314062,3776562,interpolates
97149,2912,samples
97149,1152123,interpolates
97149,6822576,interpolates
2175,6908882,interpolates
8801057,8035146,interpolates
382417,481702,interpolates
134525,2950357,samples
134525,7715541,interpolates
3602965,6683277,samples
8524057,8139690,samples
2398213,2428022,samples
2398213,5448764,interpolates
2398213,2463684,interpolates
8195634,97070,samples
8195634,2161,samples
8195634,325713,interpolates
8195634,2795,interpolates
8195634,118027,interpolates
8195634,58325,interpolates
8195634,4762958,interpolates
8195634,9620656,interpolates
731783,8621741,interpolates
8730707,8801750,interpolates
74,6117866,samples
74,283,interpolates
59662,7319477,interpolates
59662,2241575,interpolates
8604197,564,interpolates
8436680,6642461,interpolates
8020703,7131186,interpolates
8664613,9759305,interpolates
8850954,5695,samples
8850954,95364,samples
8779647,1783318,interpolates
8621374,3965734,samples
8806705,1386067,samples
100024,709796,samples
8849787,2209178,interpolates
8482044,2951091,interpolates
7909890,527658,samples
7909890,8091935,samples
8617517,4980045,samples
8617517,6250779,interpolates
8617517,11085635,interpolates
8844248,6375407,samples
8782178,13152,samples
8837446,4839107,interpolates
8723235,8907704,samples
8779727,440618,interpolates
8513887,173362,samples
8513887,728814,samples
8221503,4497,samples
5468565,5160851,interpolates
8285162,712991,samples
8078287,320138,interpolates
3614919,54477,samples
3614919,2866981,samples
3614919,639914,samples
3614919,4431789,interpolates
8136104,4705999,samples
8440393,9213453,interpolates
4684527,669606,samples
4684527,9612455,samples
8959142,6901251,samples
191,33051,samples
191,67366,samples
191,3218948,interpolates
7948581,2845980,interpolates
8726647,6044388,samples
8903975,4176,samples
8460222,3447188,interpolates
8726657,2169029,samples
5053007,3209334,interpolates
5053007,54472,interpolates
5053007,2396302,interpolates
8869755,5597721,interpolates
8849864,6886587,interpolates
8849864,8982563,interpolates
8970650,133416,interpolates
8970650,6942367,interpolates
8970650,6942368,interpolates
8970617,8970699,samples
8970610,277648,samples
8970610,8974152,samples
8970649,3608083,samples
8970649,7980924,interpolates
6936610,2416789,samples
8924762,11186806,samples
8924762,7361404,interpolates
6912242,8575131,samples
6912242,7220519,samples
6912242,6953314,samples
6912242,6953378,samples
6912242,745210,interpolates
6912242,4544033,interpolates
6912242,3146669,interpolates
8067728,291543,interpolates
8832404,813711,samples
7130788,216856,samples
7130788,7038578,samples
7130788,168,interpolates
1517,1832231,samples
1517,1807,interpolates
1517,104954,interpolates
8956548,3741963,samples
8443063,7290200,samples
8814560,354737,samples
8833093,8724369,samples
8661544,9274371,samples
8661544,8005149,interpolates
8856240,8856222,interpolates
8793215,2011127,samples
8734151,3844,samples
8855434,199794,samples
8855434,584789,interpolates
8852382,6911769,interpolates
2905167,71987,interpolates
8870631,135441,samples
8704935,8680466,interpolates
9063955,6285721,samples
8965212,8966509,samples
8965212,133413,interpolates
9063954,9066305,samples
9063958,6639207,samples
9037162,136932,interpolates
8114237,1227098,samples
4155494,4180627,samples
4155494,2887468,interpolates
7231233,1058420,interpolates
7231233,7574215,interpolates
4980703,4269039,samples
9063946,9066320,samples
8846302,8921977,interpolates
7165580,320,samples
7165580,3316592,samples
7165580,5837829,interpolates
7165580,5569449,interpolates
7165580,6842940,interpolates
7165580,45322,interpolates
7165580,8696286,interpolates
3427566,722263,interpolates
3427566,1629,interpolates
8870513,10240099,samples
8544409,986667,samples
9037156,4121518,interpolates
8219838,4855694,samples
8711231,8539145,samples
9151882,6403410,interpolates
6555267,17442,interpolates
6555267,113898,interpolates
6555267,58325,interpolates
251610,1003692,interpolates
8901050,1684,interpolates
9189109,954985,samples
9189109,5588595,interpolates
3414253,66833,samples
8122123,3767828,samples
8122123,51779,samples
8225354,154169,samples
8225354,8240585,interpolates
9109121,2235406,samples
9109121,9129631,samples
9178861,5471245,samples
9178861,4152223,samples
9178861,8110888,interpolates
9178861,8302343,interpolates
9178861,7180875,interpolates
9178861,525,interpolates
9323857,9346454,interpolates
516910,8213281,interpolates
9135209,2179928,samples
9161218,145628,interpolates
9161218,318450,interpolates
9168458,278532,interpolates
9123275,1439037,samples
9141172,3003630,interpolates
8017374,140433,samples
118766,3998368,interpolates
118766,349933,interpolates
118766,1179821,interpolates
5160841,4247565,samples
9263034,9263996,interpolates
8088136,6398652,samples
9038785,9038782,interpolates
9086641,4411444,interpolates
9263433,2829898,samples
9263016,8625319,interpolates
9263016,9267311,interpolates
237,78153,samples
237,1145780,samples
9170073,32915,samples
9196952,8136201,interpolates
9196952,3267773,interpolates
8484454,348266,interpolates
9269871,6204974,interpolates
8865074,6468583,samples
8865074,3974110,interpolates
8865074,10203401,interpolates
9102326,3940957,interpolates
9275101,10723506,interpolates
9285659,140222,samples
9285659,199184,interpolates
9285647,2889262,samples
9285647,3712764,interpolates
9285647,1981,interpolates
6639177,2447082,interpolates
6639177,92297,interpolates
6639177,65848,interpolates
6639177,92464,interpolates
6639177,8672568,interpolates
8200790,9349466,interpolates
8200790,9349423,interpolates
9285645,6368552,samples
9285645,9014298,interpolates
9278189,5654337,interpolates
9285653,1042254,samples
3237732,3209323,interpolates
1268,101776,interpolates
2966121,725393,interpolates
7666795,2022972,interpolates
7823996,64338,samples
7823996,1958097,samples
9801535,98603,samples
7553530,1976513,samples
9255119,198,samples
9255119,3812108,interpolates
9041746,8968620,samples
9059682,9272551,interpolates
53753,11108156,samples
2349494,1231917,interpolates
6688225,132652,interpolates
9284131,10260743,interpolates
8728771,8561807,samples
9075703,1935889,samples
9065466,110449,interpolates
6463318,9323235,interpolates
9346876,2967842,interpolates
9346876,5465237,interpolates
7947560,852,interpolates
9156097,1800165,interpolates
8925534,738,interpolates
75362,1713113,interpolates
9410724,3763,samples
9410724,397845,samples
9410724,6180624,interpolates
9410724,441081,interpolates
8982042,69824,samples
8982042,45411,samples
9408641,7103047,samples
9408641,8226187,samples
9408641,8669052,samples
9427292,9098234,samples
9427292,8167317,samples
9364299,35301,samples
9263022,9270361,samples
9263022,4786052,interpolates
9134478,67272,interpolates
8926287,6591973,samples
8926287,28580,samples
9196951,9200639,samples
9160872,9149479,interpolates
9055367,9412296,samples
9055367,9498089,interpolates
9279928,780,interpolates
8462544,2868078,samples
1463,52968,interpolates
9079174,10108344,interpolates
3109071,10154866,samples
9471872,191610,samples
7910627,5215007,interpolates
2443756,4152118,samples
9121920,9289860,interpolates
9422842,1429810,samples
7245399,4155494,interpolates
9347094,1614805,interpolates
9494894,106582,samples
9514884,65848,samples
9514884,7275674,samples
74885,116356,interpolates
74885,7258814,interpolates
1792169,61354,samples
7834096,110034,samples
7834096,5869600,interpolates
7834096,9470881,interpolates
7834096,9519419,interpolates
7834096,9519424,interpolates
7834096,9523045,interpolates
7834096,9470860,interpolates
7834096,9520188,interpolates
7834096,9520208,interpolates
7834096,368,interpolates
9506990,4705675,interpolates
9506990,9514852,interpolates
4621007,1449,interpolates
9477731,61981,interpolates
8543487,813711,samples
6649389,342543,interpolates
6649389,4712978,interpolates
115743,4368,interpolates
9505390,372,interpolates
3945870,6811129,samples
9267592,338817,samples
6833653,4863123,samples
6833653,9832008,samples
6833653,703732,interpolates
9572337,167,samples
9592375,1590,samples
9486724,7953615,interpolates
8723975,2177834,samples
8616824,426858,samples
9358681,445305,samples
9592380,384908,interpolates
9592380,496,interpolates
9592380,217266,interpolates
9592380,703654,interpolates
9592380,10070983,interpolates
9592341,9629664,samples
9592602,9594491,samples
9185284,69679,interpolates
9488818,3029830,interpolates
9285251,6727190,samples
9592349,286016,samples
9592349,176772,samples
9592296,451886,interpolates
9592296,92464,interpolates
9592296,703749,interpolates
9592296,221021,interpolates
8416251,3032815,samples
8416251,6991023,interpolates
9290227,732801,samples
7755754,7867739,samples
7755754,118812,interpolates
9090602,2180304,samples
2099859,106110,interpolates
7188122,6370723,interpolates
77848,1843237,samples
570967,2129348,interpolates
9613529,62499,samples
67202,9562862,interpolates
67202,9881889,interpolates
9660877,119576,interpolates
6688275,551103,interpolates
551262,92853,samples
9686133,849873,samples
9686133,964321,interpolates
9607992,8424482,samples
9671716,3621876,samples
9743560,10430965,samples
9743560,3756495,interpolates
9743560,1938,interpolates
9743563,599424,interpolates
9743589,9754415,samples
9743589,10021789,interpolates
9743561,9745231,samples
9743561,8271095,interpolates
9063165,112124,samples
9063165,4014326,interpolates
9743590,3321038,samples
1684,369555,samples
1684,11226366,interpolates
7745571,6488952,interpolates
9742274,9368442,interpolates
2396302,54472,interpolates
2396302,3134211,interpolates
2396302,293845,interpolates
2396302,460183,interpolates
9718033,110030,samples
9678042,9680366,samples
9284142,50429,samples
9284142,2248838,samples
9284142,9560686,samples
9581968,9118054,interpolates
772,116531,samples
9816397,221,samples
9816397,2153759,interpolates
9816180,3484874,samples
9700719,156,interpolates
9810910,7094,interpolates
9810910,1596747,interpolates
2252103,1860079,interpolates
3003630,8708352,interpolates
58043,65603,samples
5706157,5726592,samples
8564326,2204,samples
200111,1465515,samples
6556752,607314,interpolates
9817813,5863130,interpolates
9817813,4215971,interpolates
9817813,9849694,interpolates
57158,7328750,samples
4248426,5760418,samples
4248426,4254097,samples
4248426,5623312,interpolates
92021,388728,interpolates
90487,1687390,interpolates
9933861,9368450,interpolates
9934493,10270218,samples
9934493,1353,interpolates
9934492,6017394,interpolates
7350443,5090360,interpolates
9626448,9936153,interpolates
9626448,1767226,interpolates
9934537,6378514,samples
2342329,10752750,samples
9934480,513293,samples
9934480,4024391,interpolates
158615,3576655,samples
158615,158624,samples
158615,159014,samples
158615,373064,interpolates
158615,547851,interpolates
2378935,62037,samples
2378935,783122,samples
2378935,299152,samples
9986342,4625306,interpolates
9986342,9701487,interpolates
9986342,9985038,interpolates
9313391,9739206,samples
8524064,8526495,samples
8524064,8110900,interpolates
8524064,2992433,interpolates
8524064,58497,interpolates
8524064,9453957,interpolates
9401786,8768083,samples
9934529,791225,samples
3709610,9074186,samples
9135047,9899259,interpolates
2233,4152,samples
9816412,98419,samples
9816412,685,interpolates
3828011,162955,samples
1236,24440,samples
1236,8175936,interpolates
8989302,74356,samples
9810913,1579630,samples
9810913,8385416,interpolates
9810913,7043365,interpolates
8726654,2129909,interpolates
58346,57,samples
58346,4718875,interpolates
3323308,223,interpolates
1267,202598,samples
1267,4809,interpolates
1267,30463,interpolates
10053451,10093184,samples
10048993,1945230,samples
9921114,8271095,interpolates
9921114,51899,interpolates
51110,7682024,samples
51110,1320,samples
51110,51112,interpolates
51110,1943,interpolates
51110,4634,interpolates
3702977,8422961,samples
3702977,7513128,interpolates
1557,95836,samples
1557,780,samples
10106777,33167,samples
7024704,5672520,samples
7024704,6995354,interpolates
122,2338495,samples
122,10179,interpolates
122,1882,interpolates
10037811,6061411,samples
9743557,1567946,samples
9743557,526858,samples
9743557,3003630,interpolates
599388,2428317,samples
599388,2428614,samples
599388,2662,interpolates
5236734,3896922,samples
3028662,9102897,interpolates
3028662,217268,interpolates
3028662,2463403,interpolates
3028662,58665,interpolates
9094362,10149051,samples
9503812,1509811,samples
8616833,2441980,interpolates
8616833,2920194,interpolates
118063,2430531,samples
118063,50025,interpolates
118063,88657,interpolates
9251517,11026725,samples
3040880,5424865,interpolates
3040880,3441028,interpolates
10191325,2999454,samples
10191332,220929,interpolates
10191333,1428,samples
10191333,10217753,samples
10191345,5067,samples
8110900,8137430,samples
8110900,913130,samples
8110900,1829067,samples
8110900,7165580,interpolates
8110900,6727501,interpolates
198434,437010,interpolates
10191323,5569690,interpolates
10212099,10212094,interpolates
10191324,9263029,samples
10212103,10278741,samples
10212103,1478387,samples
10212103,1625078,samples
10212103,315356,samples
10212124,440295,samples
10212089,683949,interpolates
1295,8045036,samples
1295,14051,samples
1295,4490639,samples
1295,71969,samples
1295,38125,interpolates
10245157,8198741,samples
10245167,16825,samples
10245167,387279,samples
10245173,10248833,samples
10245173,10248829,samples
10245174,893580,samples
10245174,52019,interpolates
10179412,10245192,interpolates
10212093,10218687,samples
10102471,1828489,samples
10245204,703741,samples
10245204,172,interpolates
10212121,102944,samples
10212121,64636,interpolates
10212121,1800211,interpolates
9981589,2398213,interpolates
10271131,80564,samples
10271131,7945048,interpolates
10270968,10199927,samples
105686,32810,interpolates
10270965,1830578,samples
9907663,3807759,interpolates
9999319,2008276,interpolates
9422567,1954932,samples
52968,119328,samples
52968,1032786,samples
52968,75119,interpolates
52968,9587906,interpolates
552,8514789,interpolates
552,2430451,interpolates
552,24446,interpolates
552,62966,interpolates
552,309,interpolates
390703,759655,samples
10183173,4445379,interpolates
9340044,1993319,samples
9974497,9229937,interpolates
9800185,9321094,interpolates
9800185,601809,interpolates
6017393,2030298,samples
6017393,10474190,samples
10179414,10248795,samples
10179414,3452330,interpolates
4506356,947349,interpolates
9863593,7922414,interpolates
9863593,497,interpolates
10153818,10347507,samples
9950544,8316842,samples
9920300,2840966,samples
8946526,201919,samples
10368816,284592,samples
9461172,9683168,interpolates
722278,6534497,samples
722278,80554,samples
722278,92853,interpolates
722278,722263,interpolates
10274312,9218403,samples
10052717,2949338,interpolates
10373544,1670282,interpolates
10388316,1040576,interpolates
10167137,95107,samples
6702232,102297,interpolates
10150040,10088290,interpolates
10300928,43033,samples
10300928,10378020,interpolates
10300928,9592352,interpolates
10265242,340263,interpolates
10265242,2957360,interpolates
9926968,7921605,interpolates
9928657,119336,interpolates
9928657,7073346,interpolates
9928657,465203,interpolates
9928657,8045647,interpolates
9928657,6058779,interpolates
9928657,4075,interpolates
9928657,2261403,interpolates
10427742,168220,interpolates
10153806,4554081,samples
10283078,7369752,interpolates
10235578,131455,samples
10235578,317388,samples
10235578,13852,samples
8963033,666736,samples
10427743,164798,samples
10419894,1097620,samples
10419894,10360193,samples
10153807,5046571,samples
10153815,3727963,samples
10153799,9091244,samples
10153803,25320,samples
10153803,100203,samples
10153803,2828983,samples
10153803,10560666,samples
10153808,6025744,samples
10153808,10526554,samples
10153808,139118,interpolates
10516184,4822197,interpolates
10220769,10499258,interpolates
10276609,809740,samples
10351191,10371618,interpolates
10517220,2449376,interpolates
850782,3411200,interpolates
472686,1533902,interpolates
20364,197756,samples
10350591,10467427,interpolates
10350591,10959662,interpolates
9934926,9375135,interpolates
10596061,235732,interpolates
9303370,996337,samples
10121988,755371,interpolates
10630189,10590343,samples
10630189,10465609,interpolates
10630198,1239,samples
10630198,1370,interpolates
10630198,10630186,interpolates
10630192,867,samples
10630192,814,samples
10630176,1100,interpolates
3790789,1628,samples
51359,6773805,samples
9346077,7664025,samples
9346077,384773,samples
10351051,197756,samples
10351051,315253,samples
10677748,5260392,interpolates
10677748,9601024,interpolates
10145897,10479508,interpolates
10145897,10035948,interpolates
10145897,10738017,interpolates
10145897,11066525,interpolates
10338139,10345644,samples
10338139,10345604,interpolates
10694724,10125497,interpolates
10694724,73573,interpolates
7807215,4063065,interpolates
9573639,1980625,samples
9573639,355894,samples
9819793,1043,interpolates
9819793,9810266,interpolates
9819793,10736975,interpolates
9819793,10736970,interpolates
10235619,2600,samples
10235619,37920,samples
10734785,2875991,interpolates
10483715,2411896,samples
10176381,2180716,samples
10386004,138406,interpolates
10386004,11074776,interpolates
56831,981383,interpolates
105922,320138,interpolates
105922,134498,interpolates
105922,32486,interpolates
6478833,98867,interpolates
10734783,9592328,interpolates
183889,3197431,samples
10386978,188000,samples
9513823,2450584,interpolates
10427764,4445379,interpolates
230086,134626,interpolates
351933,378465,samples
386866,131322,interpolates
118473,1537931,interpolates
10002293,10235578,samples
10002293,5432126,samples
10002293,5292765,samples
10847011,10935372,samples
10677753,554931,samples
10800045,10805230,samples
10800045,217274,interpolates
5872304,5405887,interpolates
145442,75670,interpolates
145442,71029,interpolates
353524,782513,interpolates
10294478,160037,interpolates
10894198,406595,samples
10871307,10906173,samples
8076830,3841765,samples
10820462,1417672,samples
75951,107781,interpolates
2412669,2434362,samples
2412669,9777940,samples
2412669,6954565,interpolates
2412669,5334823,interpolates
2412669,3590035,interpolates
10894186,857360,samples
10924869,79,interpolates
5773150,5751702,interpolates
523,1716688,interpolates
523,11393008,interpolates
10252588,1156486,samples
69679,4909455,interpolates
10908450,1684,interpolates
10477952,7934921,interpolates
2489949,2424749,samples
4060622,1445179,samples
2312297,26798,samples
2312297,58341,interpolates
3047138,100695,samples
3047138,3032843,samples
3047138,3302870,samples
3047138,7463354,interpolates
532,1239,interpolates
10865894,428531,samples
10972409,10283078,samples
5322709,9976709,samples
5322709,4706842,interpolates
5322709,5323829,interpolates
5322709,7121184,interpolates
10008230,62618,samples
10451904,5292765,samples
10451904,10505170,interpolates
10694138,10002293,samples
428531,3940708,samples
7254908,9180339,interpolates
90475,65722,samples
90475,100439,samples
90475,794,interpolates
90475,18377,interpolates
3183199,245975,interpolates
194065,193141,samples
2346267,4226570,interpolates
104096,243885,interpolates
2509,5736427,interpolates
4585443,2969229,samples
9666113,7248093,samples
10916514,462996,interpolates
95389,1730582,interpolates
3882,2918228,interpolates
522811,340754,interpolates
110982,3865927,samples
110982,5450072,interpolates
110417,7081344,interpolates
77781,10555571,samples
3079084,33108,interpolates
3079084,10506253,interpolates
11045048,11044856,interpolates
11045048,11044788,interpolates
11040531,8174535,samples
9666133,80753,samples
9666133,8575131,samples
10773006,10742078,interpolates
134995,10705276,samples
11023524,4700838,interpolates
145937,1572053,interpolates
11044789,1844665,interpolates
11044789,43033,interpolates
11044789,11060918,interpolates
4544030,4593675,samples
4544030,232134,interpolates
3201420,2209000,samples
3201420,633,samples
62499,52607,samples
62499,800667,interpolates
72070,485345,samples
72070,1747480,interpolates
103212,1254785,samples
103212,1989825,samples
103212,9468165,samples
10984329,233,interpolates
8409001,5112553,interpolates
8409001,6939975,interpolates
11044793,8959142,interpolates
11022383,11319955,samples
5122612,5123161,samples
2887594,8663162,samples
4535557,3089179,interpolates
2904993,3143079,samples
10625924,1784353,samples
3008446,2296914,interpolates
3008446,1070839,interpolates
58988,5828855,interpolates
78963,62177,interpolates
1778812,229016,interpolates
10832795,10179715,samples
3039923,8575131,samples
7945037,8068575,samples
7945037,5991688,samples
10826052,54294,interpolates
86,27598,samples
86,243,interpolates
86,3408,interpolates
86,35672,interpolates
86,142887,interpolates
86,1868,interpolates
4540932,3952995,interpolates
11010750,3389874,interpolates
11010750,396,interpolates
11010750,11118921,interpolates
6766139,3266784,interpolates
5762248,62154,samples
5762248,7365729,interpolates
5762248,82653,interpolates
5992244,3617235,interpolates
6058538,4679288,samples
6058538,7317545,interpolates
6058538,4548577,interpolates
6058538,9818814,interpolates
11127672,11336680,interpolates
3805299,5770159,samples
3805299,10308810,interpolates
11044923,6344,samples
11044923,199794,samples
11044923,9135402,samples
6591973,8454535,interpolates
6591973,7808666,interpolates
21569,1852843,interpolates
21569,6344,interpolates
5313903,3552516,interpolates
109096,784980,interpolates
109096,706321,interpolates
5533104,6588,interpolates
5533104,5218795,interpolates
9848295,116531,interpolates
11044818,4634,samples
11044818,1113,interpolates
11044818,7554819,interpolates
2938724,4196369,samples
2938724,4196355,samples
2938724,3220404,samples
2938724,1000365,samples
2938724,88712,samples
2938724,3882,samples
11126339,11437256,interpolates
53152,5205,samples
2842065,187310,interpolates
2938714,5566232,samples
181934,51359,samples
10180074,10180003,samples
4535759,783472,samples
599427,37920,interpolates
11039535,9116319,samples
11100674,9692077,samples
52848,813466,samples
52848,429319,samples
483006,7861954,samples
6126505,5597826,interpolates
6126505,5452694,interpolates
6126505,5072014,interpolates
97160,3269636,interpolates
11044856,2773,samples
11044856,750647,samples
11044856,11059588,interpolates
11250748,6031,samples
11250748,608796,samples
11250748,6505304,interpolates
7316523,1605041,interpolates
10883908,1826,samples
11210736,1006765,samples
10409191,9630112,interpolates
10409191,77848,interpolates
579968,1643895,samples
2842066,106572,interpolates
2842066,10213491,interpolates
9592031,197756,samples
9592031,20364,interpolates
3412272,2160458,samples
3412272,4390540,interpolates
1715225,7435988,samples
1627711,1859933,interpolates
1627711,1860079,interpolates
10402073,10541737,interpolates
10402073,10972361,interpolates
6537786,502365,samples
6537786,2179697,interpolates
2842078,4085761,samples
10871041,932890,interpolates
1588114,2046341,samples
1588114,101491,interpolates
153223,6534466,samples
153223,10020206,samples
10005805,4605507,samples
